,TEAM,SEASON,WAGE,SOURCE
3,Leeds United,2000-01,43000000.0,Reddit
9,Southampton,2000-01,16000000.0,Reddit
10,Newcastle United,2000-01,27000000.0,Reddit
11,Tottenham,2000-01,25000000.0,Reddit
12,Leicester City,2000-01,22000000.0,Reddit
14,West Ham United,2000-01,32000000.0,Reddit
15,Everton,2000-01,26000000.0,Reddit
16,Derby County,2000-01,19000000.0,Reddit
17,Manchester City,2000-01,18000000.0,Reddit
18,Coventry City,2000-01,19000000.0,Reddit
19,Bradford City,2000-01,15000000.0,Reddit
6,Sunderland,2000-01,23000000.0,Reddit
5,Chelsea,2000-01,50000000.0,Reddit
4,Ipswich Town,2000-01,18000000.0,Reddit
2,Liverpool,2000-01,49000000.0,Reddit
1,Arsenal,2000-01,41000000.0,Reddit
0,Manchester United,2000-01,50000000.0,Reddit
8,Charlton Athletic,2000-01,17000000.0,Reddit
7,Aston Villa,2000-01,25000000.0,Reddit
33,Charlton Athletic,2001-02,22000000.0,Reddit
34,Everton,2001-02,29000000.0,Reddit
35,Bolton Wanderers,2001-02,19000000.0,Reddit
36,Sunderland,2001-02,26000000.0,Reddit
37,Ipswich Town,2001-02,24000000.0,Reddit
32,Fulham,2001-02,31000000.0,Reddit
21,Liverpool,2001-02,56000000.0,Reddit
20,Arsenal,2001-02,62000000.0,Reddit
30,Southampton,2001-02,23000000.0,Reddit
29,Blackburn Rovers,2001-02,30000000.0,Reddit
28,Tottenham,2001-02,37000000.0,Reddit
27,Aston Villa,2001-02,31000000.0,Reddit
31,Middlesbrough,2001-02,30000000.0,Reddit
25,Chelsea,2001-02,56000000.0,Reddit
24,Leeds United,2001-02,54000000.0,Reddit
23,Newcastle United,2001-02,32000000.0,Reddit
22,Manchester United,2001-02,70000000.0,Reddit
26,West Ham United,2001-02,33000000.0,Reddit
57,West Ham United,2002-03,33000000.0,Reddit
55,Aston Villa,2002-03,32000000.0,Reddit
54,Leeds United,2002-03,57000000.0,Reddit
53,Fulham,2002-03,36000000.0,Reddit
52,Birmingham City,2002-03,20000000.0,Reddit
51,Charlton Athletic,2002-03,24000000.0,Reddit
50,Middlesbrough,2002-03,29000000.0,Reddit
49,Tottenham,2002-03,38000000.0,Reddit
47,Southampton,2002-03,27000000.0,Reddit
46,Everton,2002-03,30000000.0,Reddit
45,Blackburn Rovers,2002-03,36000000.0,Reddit
44,Liverpool,2002-03,54000000.0,Reddit
42,Newcastle United,2002-03,45000000.0,Reddit
41,Arsenal,2002-03,61000000.0,Reddit
40,Manchester United,2002-03,80000000.0,Reddit
58,West Bromwich Albion,2002-03,12000000.0,Reddit
48,Manchester City,2002-03,35000000.0,Reddit
43,Chelsea,2002-03,54000000.0,Reddit
59,Sunderland,2002-03,34000000.0,Reddit
73,Tottenham,2003-04,35000000.0,Reddit
79,Wolverhampton Wanderers,2003-04,19000000.0,Reddit
78,Leeds United,2003-04,37000000.0,Reddit
77,Leicester City,2003-04,24000000.0,Reddit
76,Everton,2003-04,33000000.0,Reddit
75,Manchester City,2003-04,38000000.0,Reddit
72,Portsmouth,2003-04,26000000.0,Reddit
71,Southampton,2003-04,26000000.0,Reddit
70,Middlesbrough,2003-04,29000000.0,Reddit
69,Birmingham City,2003-04,23000000.0,Reddit
74,Blackburn Rovers,2003-04,31000000.0,Reddit
67,Bolton Wanderers,2003-04,24000000.0,Reddit
68,Fulham,2003-04,31000000.0,Reddit
61,Chelsea,2003-04,115000000.0,Reddit
62,Manchester United,2003-04,77000000.0,Reddit
63,Liverpool,2003-04,66000000.0,Reddit
60,Arsenal,2003-04,70000000.0,Reddit
65,Aston Villa,2003-04,34000000.0,Reddit
66,Charlton Athletic,2003-04,30000000.0,Reddit
64,Newcastle United,2003-04,45000000.0,Reddit
91,Birmingham City,2004-05,27000000.0,Reddit
99,Southampton,2004-05,28000000.0,Reddit
98,Norwich City,2004-05,17000000.0,Reddit
96,West Bromwich Albion,2004-05,21000000.0,Reddit
95,Portsmouth,2004-05,25000000.0,Reddit
94,Blackburn Rovers,2004-05,31000000.0,Reddit
93,Newcastle United,2004-05,50000000.0,Reddit
92,Fulham,2004-05,34000000.0,Reddit
90,Charlton Athletic,2004-05,29000000.0,Reddit
80,Chelsea,2004-05,109000000.0,Reddit
88,Tottenham,2004-05,33000000.0,Reddit
87,Manchester City,2004-05,38000000.0,Reddit
86,Middlesbrough,2004-05,29000000.0,Reddit
85,Bolton Wanderers,2004-05,25000000.0,Reddit
84,Liverpool,2004-05,64000000.0,Reddit
83,Everton,2004-05,31000000.0,Reddit
82,Manchester United,2004-05,77000000.0,Reddit
81,Arsenal,2004-05,66000000.0,Reddit
89,Aston Villa,2004-05,33000000.0,Reddit
100,Chelsea,2005-06,114000000.0,Reddit
101,Manchester United,2005-06,85000000.0,Reddit
102,Liverpool,2005-06,69000000.0,Reddit
103,Arsenal,2005-06,83000000.0,Reddit
119,Sunderland,2005-06,17000000.0,Reddit
118,West Bromwich Albion,2005-06,20000000.0,Reddit
117,Birmingham City,2005-06,27000000.0,Reddit
115,Aston Villa,2005-06,38000000.0,Reddit
114,Manchester City,2005-06,34000000.0,Reddit
112,Charlton Athletic,2005-06,34000000.0,Reddit
111,Fulham,2005-06,30000000.0,Reddit
116,Portsmouth,2005-06,25000000.0,Reddit
109,Wigan Athletic,2005-06,21000000.0,Reddit
108,West Ham United,2005-06,31000000.0,Reddit
107,Bolton Wanderers,2005-06,29000000.0,Reddit
106,Newcastle United,2005-06,52000000.0,Reddit
105,Blackburn Rovers,2005-06,33000000.0,Reddit
104,Tottenham,2005-06,41000000.0,Reddit
110,Everton,2005-06,37000000.0,Reddit
132,Newcastle United,2006-07,63000000.0,Reddit
133,Manchester City,2006-07,36000000.0,Reddit
134,West Ham United,2006-07,44000000.0,Reddit
135,Fulham,2006-07,35000000.0,Reddit
138,Charlton Athletic,2006-07,34000000.0,Reddit
137,Sheffield United,2006-07,22000000.0,Reddit
139,Watford,2006-07,18000000.0,Reddit
131,Middlesbrough,2006-07,38000000.0,Reddit
136,Wigan Athletic,2006-07,28000000.0,Reddit
130,Aston Villa,2006-07,43000000.0,Reddit
126,Bolton Wanderers,2006-07,30000000.0,Reddit
129,Blackburn Rovers,2006-07,38000000.0,Reddit
120,Manchester United,2006-07,92000000.0,Reddit
122,Liverpool,2006-07,78000000.0,Reddit
123,Arsenal,2006-07,90000000.0,Reddit
124,Tottenham,2006-07,44000000.0,Reddit
121,Chelsea,2006-07,133000000.0,Reddit
127,Reading,2006-07,30000000.0,Reddit
128,Portsmouth,2006-07,37000000.0,Reddit
125,Everton,2006-07,38000000.0,Reddit
152,Middlesbrough,2007-08,35000000.0,Reddit
159,Derby County,2007-08,26000000.0,Reddit
158,Birmingham City,2007-08,27000000.0,Reddit
157,Reading,2007-08,33000000.0,Reddit
156,Fulham,2007-08,39000000.0,Reddit
155,Bolton Wanderers,2007-08,39000000.0,Reddit
154,Sunderland,2007-08,37000000.0,Reddit
145,Aston Villa,2007-08,50000000.0,Reddit
151,Newcastle United,2007-08,75000000.0,Reddit
153,Wigan Athletic,2007-08,38000000.0,Reddit
149,West Ham United,2007-08,54000000.0,Reddit
150,Tottenham,2007-08,53000000.0,Reddit
144,Everton,2007-08,45000000.0,Reddit
140,Manchester United,2007-08,121000000.0,Reddit
141,Chelsea,2007-08,172000000.0,Reddit
143,Liverpool,2007-08,90000000.0,Reddit
146,Blackburn Rovers,2007-08,40000000.0,Reddit
147,Portsmouth,2007-08,55000000.0,Reddit
142,Arsenal,2007-08,101000000.0,Reddit
148,Manchester City,2007-08,54000000.0,Reddit
178,Middlesbrough,2008-09,34000000.0,Reddit
177,Newcastle United,2008-09,73000000.0,Reddit
175,Sunderland,2008-09,49000000.0,Reddit
174,Blackburn Rovers,2008-09,46000000.0,Reddit
173,Portsmouth,2008-09,65000000.0,Reddit
172,Bolton Wanderers,2008-09,41000000.0,Reddit
171,Stoke City,2008-09,30000000.0,Reddit
170,Wigan Athletic,2008-09,42000000.0,Reddit
179,West Bromwich Albion,2008-09,31000000.0,Reddit
168,West Ham United,2008-09,70000000.0,Reddit
169,Manchester City,2008-09,83000000.0,Reddit
160,Manchester United,2008-09,123000000.0,Reddit
161,Liverpool,2008-09,107000000.0,Reddit
162,Chelsea,2008-09,167000000.0,Reddit
176,Hull City,2008-09,34000000.0,Reddit
164,Everton,2008-09,49000000.0,Reddit
165,Aston Villa,2008-09,71000000.0,Reddit
166,Fulham,2008-09,46000000.0,Reddit
167,Tottenham,2008-09,63000000.0,Reddit
163,Arsenal,2008-09,104000000.0,Reddit
198,Hull City,2009-10,38000000.0,Reddit
197,Burnley,2009-10,22000000.0,Reddit
196,West Ham United,2009-10,54000000.0,Reddit
195,Wigan Athletic,2009-10,39000000.0,Reddit
194,Wolverhampton Wanderers,2009-10,30000000.0,Reddit
193,Bolton Wanderers,2009-10,46000000.0,Reddit
192,Sunderland,2009-10,54000000.0,Reddit
191,Fulham,2009-10,49000000.0,Reddit
188,Birmingham City,2009-10,37000000.0,Reddit
189,Blackburn Rovers,2009-10,47000000.0,Reddit
187,Everton,2009-10,54000000.0,Reddit
186,Liverpool,2009-10,121000000.0,Reddit
184,Manchester City,2009-10,133000000.0,Reddit
183,Tottenham,2009-10,67000000.0,Reddit
182,Arsenal,2009-10,111000000.0,Reddit
181,Manchester United,2009-10,132000000.0,Reddit
180,Chelsea,2009-10,174000000.0,Reddit
190,Stoke City,2009-10,45000000.0,Reddit
185,Aston Villa,2009-10,80000000.0,Reddit
1,Aston Villa,2009-10,80000000 ,Other
22,Everton,2009-10,54000000 ,Other
27,Wigan Athletic,2009-10,39000000 ,Other
21,Birmingham City,2009-10,38000000 ,Other
19,Arsenal,2009-10,110000000 ,Other
18,West Bromwich Albion,2009-10,23000000 ,Other
17,Blackpool,2009-10,13000000 ,Other
15,Fulham,2009-10,49000000 ,Other
12,Manchester City,2009-10,133000000 ,Other
11,Newcastle United,2009-10,47000000 ,Other
16,Bolton Wanderers,2009-10,46000000 ,Other
9,Blackburn Rovers,2009-10,47000000 ,Other
8,Stoke City,2009-10,45000000 ,Other
7,Tottenham,2009-10,67000000 ,Other
6,Chelsea,2009-10,174000000 ,Other
4,Sunderland,2009-10,54000000 ,Other
3,Wolverhampton Wanderers,2009-10,30000000 ,Other
2,Manchester United,2009-10,131000000 ,Other
10,Liverpool,2009-10,121000000 ,Other
206,Everton,2010-11,58000000.0,Reddit
205,Liverpool,2010-11,135000000.0,Reddit
204,Tottenham,2010-11,91000000.0,Reddit
54,QPR,2010-11,30000000 ,Other
203,Arsenal,2010-11,124000000.0,Reddit
51,Everton,2010-11,58000000 ,Other
207,Fulham,2010-11,58000000.0,Reddit
201,Chelsea,2010-11,190000000.0,Reddit
208,Aston Villa,2010-11,83000000.0,Reddit
56,Wigan Athletic,2010-11,40000000 ,Other
210,West Bromwich Albion,2010-11,37000000.0,Reddit
211,Newcastle United,2010-11,54000000.0,Reddit
212,Stoke City,2010-11,47000000.0,Reddit
213,Bolton Wanderers,2010-11,56000000.0,Reddit
214,Blackburn Rovers,2010-11,50000000.0,Reddit
215,Wigan Athletic,2010-11,40000000.0,Reddit
50,Birmingham City,2010-11,38000000 ,Other
216,Wolverhampton Wanderers,2010-11,38000000.0,Reddit
209,Sunderland,2010-11,61000000.0,Reddit
48,Arsenal,2010-11,124000000 ,Other
38,Blackburn Rovers,2010-11,50000000 ,Other
46,Blackpool,2010-11,25000000 ,Other
200,Manchester United,2010-11,153000000.0,Reddit
29,Norwich City,2010-11,18000000 ,Other
30,Aston Villa,2010-11,83000000 ,Other
31,Manchester United,2010-11,153000000 ,Other
32,Wolverhampton Wanderers,2010-11,38000000 ,Other
33,Sunderland,2010-11,61000000 ,Other
34,West Ham United,2010-11,56000000 ,Other
35,Chelsea,2010-11,190000000 ,Other
36,Tottenham,2010-11,91000000 ,Other
37,Stoke City,2010-11,47000000 ,Other
217,Birmingham City,2010-11,35000000.0,Reddit
39,Liverpool,2010-11,135000000 ,Other
40,Newcastle United,2010-11,54000000 ,Other
41,Manchester City,2010-11,174000000 ,Other
42,Swansea City,2010-11,17000000 ,Other
44,Fulham,2010-11,58000000 ,Other
45,Bolton Wanderers,2010-11,56000000 ,Other
47,West Bromwich Albion,2010-11,39000000 ,Other
218,Blackpool,2010-11,14000000.0,Reddit
202,Manchester City,2010-11,174000000.0,Reddit
219,West Ham United,2010-11,55000000.0,Reddit
220,Manchester City,2011-12,202000000.0,Reddit
81,Southampton,2011-12,29000000.0,Other
80,Everton,2011-12,63000000 ,Other
77,Arsenal,2011-12,143000000 ,Other
76,West Bromwich Albion,2011-12,50000000 ,Other
74,Bolton Wanderers,2011-12,55000000 ,Other
73,Fulham,2011-12,62000000 ,Other
71,Swansea City,2011-12,35000000 ,Other
70,Manchester City,2011-12,202000000 ,Other
69,Newcastle United,2011-12,64000000 ,Other
68,Liverpool,2011-12,119000000 ,Other
67,Blackburn Rovers,2011-12,50000000 ,Other
66,Stoke City,2011-12,53000000 ,Other
64,Chelsea,2011-12,173000000 ,Other
63,West Ham United,2011-12,42000000.0,Other
62,Sunderland,2011-12,64000000 ,Other
61,Wolverhampton Wanderers,2011-12,38000000 ,Other
60,Manchester United,2011-12,162000000 ,Other
59,Aston Villa,2011-12,70000000 ,Other
58,Norwich City,2011-12,37000000 ,Other
236,QPR,2011-12,58000000.0,Reddit
237,Bolton Wanderers,2011-12,55000000.0,Reddit
238,Blackburn Rovers,2011-12,50000000.0,Reddit
239,Wolverhampton Wanderers,2011-12,38000000.0,Reddit
83,QPR,2011-12,58000000 ,Other
85,Wigan Athletic,2011-12,38000000 ,Other
65,Tottenham,2011-12,90000000 ,Other
221,Manchester United,2011-12,162000000.0,Reddit
235,Aston Villa,2011-12,70000000.0,Reddit
234,Wigan Athletic,2011-12,38000000.0,Reddit
233,Stoke City,2011-12,53000000.0,Reddit
232,Sunderland,2011-12,64000000.0,Reddit
231,Norwich City,2011-12,37000000.0,Reddit
229,West Bromwich Albion,2011-12,50000000.0,Reddit
230,Swansea City,2011-12,35000000.0,Reddit
227,Liverpool,2011-12,119000000.0,Reddit
226,Everton,2011-12,63000000.0,Reddit
225,Chelsea,2011-12,173000000.0,Reddit
224,Newcastle United,2011-12,64000000.0,Reddit
223,Tottenham,2011-12,90000000.0,Reddit
228,Fulham,2011-12,62000000.0,Reddit
222,Arsenal,2011-12,143000000.0,Reddit
243,Arsenal,2012-13,154000000.0,Reddit
241,Manchester City,2012-13,233000000.0,Reddit
98,Newcastle United,2012-13,62000000 ,Other
97,Liverpool,2012-13,132000000 ,Other
246,Liverpool,2012-13,132000000.0,Reddit
247,West Bromwich Albion,2012-13,54000000.0,Reddit
248,Swansea City,2012-13,49000000.0,Reddit
249,West Ham United,2012-13,56000000.0,Reddit
250,Norwich City,2012-13,51000000.0,Reddit
251,Fulham,2012-13,67000000.0,Reddit
252,Stoke City,2012-13,60000000.0,Reddit
253,Southampton,2012-13,47000000.0,Reddit
254,Aston Villa,2012-13,72000000.0,Reddit
255,Newcastle United,2012-13,62000000.0,Reddit
256,Sunderland,2012-13,58000000.0,Reddit
257,Wigan Athletic,2012-13,44000000.0,Reddit
258,Reading,2012-13,46000000.0,Reddit
259,QPR,2012-13,78000000.0,Reddit
245,Everton,2012-13,63000000.0,Reddit
244,Tottenham,2012-13,96000000.0,Reddit
242,Chelsea,2012-13,179000000.0,Reddit
114,Wigan Athletic,2012-13,44000000.0,Other
240,Manchester United,2012-13,181000000.0,Reddit
95,Stoke City,2012-13,60000000 ,Other
94,Tottenham,2012-13,96000000 ,Other
93,Chelsea,2012-13,179000000 ,Other
92,West Ham United,2012-13,57000000 ,Other
91,Sunderland,2012-13,58000000 ,Other
89,Manchester United,2012-13,181000000 ,Other
88,Aston Villa,2012-13,72000000 ,Other
87,Norwich City,2012-13,51000000 ,Other
106,Arsenal,2012-13,154000000 ,Other
100,Swansea City,2012-13,49000000 ,Other
99,Manchester City,2012-13,233000000 ,Other
112,QPR,2012-13,78000000.0,Other
110,Southampton,2012-13,47000000 ,Other
109,Everton,2012-13,63000000 ,Other
113,Cardiff City,2012-13,33000000 ,Other
105,West Bromwich Albion,2012-13,54000000 ,Other
102,Fulham,2012-13,67000000 ,Other
101,Crystal Palace,2012-13,19000000 ,Other
107,Hull City,2012-13,26000000 ,Other
271,Swansea City,2013-14,63000000.0,Reddit
277,Norwich City,2013-14,54000000.0,Reddit
276,West Bromwich Albion,2013-14,65000000.0,Reddit
275,Hull City,2013-14,43000000.0,Reddit
274,Aston Villa,2013-14,69000000.0,Reddit
273,Sunderland,2013-14,70000000.0,Reddit
272,West Ham United,2013-14,64000000.0,Reddit
270,Crystal Palace,2013-14,46000000.0,Reddit
265,Tottenham,2013-14,100000000.0,Reddit
268,Stoke City,2013-14,61000000.0,Reddit
267,Southampton,2013-14,63000000.0,Reddit
266,Manchester United,2013-14,215000000.0,Reddit
264,Everton,2013-14,69000000.0,Reddit
263,Arsenal,2013-14,166000000.0,Reddit
262,Chelsea,2013-14,192000000.0,Reddit
261,Liverpool,2013-14,144000000.0,Reddit
269,Newcastle United,2013-14,78000000.0,Reddit
260,Manchester City,2013-14,205000000.0,Reddit
279,Cardiff City,2013-14,53000000.0,Reddit
116,Norwich City,2013-14,54000000 ,Other
278,Fulham,2013-14,69000000.0,Reddit
144,Burnley,2013-14,22000000 ,Other
142,Cardiff City,2013-14,53000000 ,Other
141,QPR,2013-14,75000000 ,Other
140,Leicester City,2013-14,36000000 ,Other
139,Southampton,2013-14,63000000 ,Other
138,Everton,2013-14,69000000 ,Other
135,Arsenal,2013-14,166000000 ,Other
134,West Bromwich Albion,2013-14,65000000 ,Other
131,Fulham,2013-14,69000000 ,Other
130,Crystal Palace,2013-14,46000000 ,Other
136,Hull City,2013-14,43000000 ,Other
128,Manchester City,2013-14,205000000 ,Other
117,Aston Villa,2013-14,69000000 ,Other
129,Swansea City,2013-14,63000000 ,Other
120,Sunderland,2013-14,70000000 ,Other
121,West Ham United,2013-14,64000000 ,Other
122,Chelsea,2013-14,192000000 ,Other
118,Manchester United,2013-14,215000000 ,Other
124,Stoke City,2013-14,61000000 ,Other
126,Liverpool,2013-14,144000000 ,Other
127,Newcastle United,2013-14,78000000 ,Other
123,Tottenham,2013-14,100000000 ,Other
159,Crystal Palace,2014-15,68000000 ,Other
173,Burnley,2014-15,29000000 ,Other
170,QPR,2014-15,73000000 ,Other
169,Leicester City,2014-15,57000000 ,Other
168,Southampton,2014-15,80000000 ,Other
167,Everton,2014-15,78000000 ,Other
164,Arsenal,2014-15,192000000 ,Other
163,West Bromwich Albion,2014-15,70000000 ,Other
158,Swansea City,2014-15,83000000 ,Other
165,Hull City,2014-15,56000000 ,Other
156,Newcastle United,2014-15,65000000 ,Other
155,Liverpool,2014-15,166000000 ,Other
153,Stoke City,2014-15,67000000 ,Other
152,Tottenham,2014-15,101000000 ,Other
151,Chelsea,2014-15,217000000 ,Other
150,West Ham United,2014-15,73000000 ,Other
149,Sunderland,2014-15,77000000 ,Other
147,Manchester United,2014-15,203000000 ,Other
157,Manchester City,2014-15,194000000 ,Other
146,Aston Villa,2014-15,84000000 ,Other
198,Leicester City,2015-16,48200000.0,Other
197,Southampton,2015-16,59500000.0,Other
196,Everton,2015-16,74700000.0,Other
193,Arsenal,2015-16,192000000.0,Other
188,Crystal Palace,2015-16,54300000.0,Other
187,Swansea City,2015-16,51000000.0,Other
192,West Bromwich Albion,2015-16,68500000.0,Other
184,Liverpool,2015-16,152000000.0,Other
182,Stoke City,2015-16,72300000.0,Other
181,Tottenham,2015-16,110500000.0,Other
180,Chelsea,2015-16,215600000.0,Other
179,West Ham United,2015-16,69500000.0,Other
178,Sunderland,2015-16,71000000.0,Other
176,Manchester United,2015-16,203000000.0,Other
186,Manchester City,2015-16,193800000.0,Other
226,Southampton,2016-17,63600000.0,Other
225,Everton,2016-17,83000000.0,Other
223,Hull City,2016-17,25000000.0,Other
222,Arsenal,2016-17,200500000.0,Other
221,West Bromwich Albion,2016-17,65000000.0,Other
217,Crystal Palace,2016-17,55000000.0,Other
216,Swansea City,2016-17,59000000.0,Other
210,Tottenham,2016-17,121200000.0,Other
213,Liverpool,2016-17,165600000.0,Other
211,Stoke City,2016-17,75900000.0,Other
209,Chelsea,2016-17,218000000.0,Other
208,West Ham United,2016-17,79800000.0,Other
207,Sunderland,2016-17,68300000.0,Other
205,Manchester United,2016-17,220800000.0,Other
231,Burnley,2016-17,33000000.0,Other
215,Manchester City,2016-17,225000000.0,Other
227,Leicester City,2016-17,66000000.0,Other
